first_name,last_name,ssn,email
,,,
,Fleming,619-16-7988,Tina.Fleming@example.com
Tina,,,
,Shah,164-51-7615,Erica.Shah@example.com
Erica,,,
,Ortiz,051-83-3290,Paula.Ortiz@example.com
Paula,,,
,Hendricks,776-83-2884,James.Hendricks@example.com
James,,,
,King,197-94-2398,Lauren.King@example.com
Lauren,,,
,Cowan,252-92-1832,David.Cowan@example.com
David,,,
,Burton,296-23-6842,Andrew.Burton@example.com
Andrew,,,
,Baker,337-40-7543,Julian.Baker@example.com
Julian,,,
,Castro,399-46-5595,Scott.Castro@example.com
Scott,,,
,Rodriguez,014-18-2503,Billy.Rodriguez@example.com
Billy,,,
,Leblanc,005-82-7918,Darrell.Leblanc@example.com
Darrell,,,
,Hammond,561-17-6312,David.Hammond@example.com
David,,,
